Keyword,Position,Search Volume,CPC,Competition,URL
computer repairs bayswater wa,1,90,4.52,LOW,/computer-repairs-bayswater/
gold pc services,1,320,1.7,LOW,/
gaming pc repair near me,2,170,2.43,MEDIUM,/gaming-computer-build-and-repairs-in-perth/
macbook repairs perth,2,140,1.46,LOW,/
computer repairs bayswater,3,90,4.52,LOW,/
pc repair perth,6,880,2.63,LOW,/
refurbished laptops perth,6,260,1.49,HIGH,/refurbished-laptops-perth/
perth computer repairs,7,880,2.63,LOW,/contact/
refurbished laptop perth,7,260,1.49,HIGH,/refurbished-laptops-perth/
gold laptop,8,90,0.67,HIGH,/
used laptops perth wa,8,110,1.5,HIGH,/refurbished-laptops-perth/
used mac,8,90,0.85,HIGH,/buying-second-hand-macbooks-perth-wa/
refurbished computer perth,9,90,1.56,HIGH,/refurbished-laptops-perth/
second hand laptops perth,9,110,1.5,HIGH,/refurbished-laptops-perth/
how much does it cost to fix a laptop screen,10,170,3.23,LOW,/laptop-screen-replacement/
laptop computer repairs perth,10,390,2.12,LOW,/
mac repairs near me,10,1600,2.25,LOW,/
pc restore,10,90,26.01,LOW,/
computer repair near me,11,22200,3.25,MEDIUM,/
computer repairs near me,11,22200,3.25,MEDIUM,/
how much does it cost to get a laptop screen fixed,11,170,3.23,LOW,/laptop-screen-replacement/
laptop computer repairs near me,11,1900,2.36,LOW,/
laptop screen repair perth,11,260,2.44,LOW,/laptop-screen-replacement/
macbook repair near me,11,1600,2.25,LOW,/
computer repairs perth,12,880,2.63,LOW,/
dell laptop screen replacement,12,590,3.65,MEDIUM,/laptop-screen-replacement/
fix my computer near me,12,1900,2.88,LOW,/
hp laptop screen replacement,12,590,3.11,MEDIUM,/laptop-screen-replacement/
laptop keyboard repair near me,12,590,2.65,MEDIUM,/laptop-repairs-services-in-perth/
laptop repair near me,12,12100,2.66,MEDIUM,/
laptop repairs perth,12,260,2.12,LOW,/laptop-repairs-services-in-perth/
pc repairs near me,12,2400,2.76,LOW,/
buy second hand macbook,13,170,0.83,HIGH,/buying-second-hand-macbooks-perth-wa/
laptop screen replacement near me,13,2900,2.1,LOW,/laptop-screen-replacement/
laptop screen replacement perth,13,260,2.44,LOW,/laptop-screen-replacement/
macbook screen repair perth,13,90,1.86,LOW,/macbook-screen-fix/
computer pc repair,14,2400,3.61,LOW,/
computer repair services near me,14,8100,3.13,LOW,/
laptop repair services near me,14,12100,2.66,MEDIUM,/laptop-repairs-services-in-perth/
laptop screen repair near me,14,2900,2.1,LOW,/laptop-screen-replacement/
computer repairs morley,15,170,2.96,LOW,/computer-repairs-morley/
laptop battery replacement perth,15,170,1.83,LOW,/laptop-repairs-services-in-perth/
computer repair shops near me,16,8100,3.5,LOW,/
laptop screen replacement cost,16,590,1.89,LOW,/laptop-screen-replacement/
second hand macbook,16,590,0.53,HIGH,/buying-second-hand-macbooks-perth-wa/
used laptops near me,16,1600,1.64,HIGH,/refurbished-laptops-perth/
computer repair shop near me,17,8100,3.5,LOW,/
gaming computer repair,17,170,3.75,LOW,/gaming-computer-build-and-repairs-in-perth/
laptop keyboard replacement,17,1600,2.16,MEDIUM,/laptop-repairs-services-in-perth/
laptop battery replacement near me,18,210,1.79,MEDIUM,/laptop-repairs-services-in-perth/
how much does a replacement laptop screen cost,19,110,4.96,LOW,/laptop-screen-replacement/
laptop screen repair cost,19,390,0,LOW,/laptop-screen-replacement/
refurbished computers perth,19,90,1.56,HIGH,/refurbished-laptops-perth/
screen repair laptop cost,19,390,0,LOW,/laptop-screen-replacement/
second hand computer perth,19,70,1.89,HIGH,/refurbished-laptops-perth/
how much to fix a laptop screen,20,170,0,LOW,/laptop-screen-replacement/
macbook screen repairs,20,1000,2.71,LOW,/macbook-screen-fix/
midland computer repair,20,170,2.77,LOW,/computer-repairs-midland/
pc maintenance,20,110,10.64,LOW,/
acer laptop screen replacement,21,480,2.15,MEDIUM,/laptop-screen-replacement/
computer shop perth,21,320,1.89,LOW,/
screen replacement laptop,21,2900,2.1,LOW,/laptop-screen-replacement/
fix my laptop,22,390,0,LOW,/laptop-repairs-services-in-perth/
laptop repair shop near me,22,1900,2.69,MEDIUM,/
computer fixers near me,23,720,3.66,LOW,/
computer repair shop,23,8100,3.5,LOW,/
gaming computer repair near me,23,170,3.75,LOW,/gaming-computer-build-and-repairs-in-perth/
how much is a laptop screen replacement,23,260,1.21,LOW,/laptop-screen-replacement/
best computer repair near me,24,1300,4.8,MEDIUM,/
broken laptop screen repair near me,24,590,1.77,LOW,/laptop-screen-replacement/
mac computer repair near me,24,1600,2.25,LOW,/
computer fix near me,25,8100,3.13,LOW,/
my laptop screen is broken,25,590,0.56,LOW,/laptop-screen-replacement/
how much to replace laptop screen,26,260,2.29,LOW,/laptop-screen-replacement/
laptop for sale perth,26,320,1.28,HIGH,/refurbished-laptops-perth/
laptop screen broken,27,590,0.56,LOW,/laptop-screen-replacement/
pc store perth,27,210,1.8,LOW,/
second hand laptops near me,27,1300,1.69,HIGH,/refurbished-laptops-perth/
laptop screen replacement,28,2900,2.1,LOW,/laptop-screen-replacement/
computer technician near me,29,2400,3.44,LOW,/
laptop repair,29,12100,2.66,MEDIUM,/laptop-repairs-services-in-perth/
laptop screen repair,29,2900,2.1,LOW,/laptop-screen-replacement/
refurbished computers,29,1900,1.41,HIGH,/refurbished-laptops-perth/
second hand macbook pro,29,720,0.48,HIGH,/buying-second-hand-macbooks-perth-wa/
computer screen repair near me,30,1000,2.97,LOW,/laptop-screen-replacement/
how much to replace a laptop screen,30,260,2.29,LOW,/laptop-screen-replacement/
laptop fix near me,30,1000,2.46,LOW,/
second hand laptop,30,1600,0.47,HIGH,/refurbished-laptops-perth/
broken laptop screen,31,590,0.56,LOW,/laptop-screen-replacement/
computer screen repair,32,1000,2.97,LOW,/laptop-screen-replacement/
laptop screen fix near me,33,1000,2.46,LOW,/laptop-screen-replacement/
computer repair,34,22200,3.25,MEDIUM,/
how much does it cost to replace a laptop screen,35,260,3.32,LOW,/laptop-screen-replacement/
computer repairs midland,36,170,2.77,LOW,/computer-repairs-midland/
used laptops,36,2900,0.88,HIGH,/refurbished-laptops-perth/
fix laptop screen,37,1300,2.12,LOW,/laptop-screen-replacement/
laptop screen replacement cost near me,37,590,2.79,LOW,/laptop-screen-replacement/
lenovo laptop screen replacement,37,480,3.13,LOW,/laptop-screen-replacement/
refurbished laptops,38,2900,1.88,HIGH,/refurbished-laptops-perth/
fix computer,40,1600,0,LOW,/
